mid,Moviename,Year,Rating,Popularity,Action,Adventure,Animation,Biography,Comedy,Crime,Drama,Family,Fantasy,History,Horror,Musical,Mystery,Romance,Sci-fi,Sport,Thriller,War
1,My Name Is Khan,2010,8,0.662780964,0,0,0,0,0,0,1,0,0,0,0,0,0,0,0,0,0,0
2,Raajneeti,2010,7.1,0.110448505,0,0,0,0,0,0,0,0,0,0,0,0,0,0,0,0,1,0
3,Band Baaja Baaraat,2010,7.2,0.101558663,0,0,0,0,0,0,0,0,0,0,0,0,0,1,0,0,0,0
4,Tere Bin Laden,2010,7.2,0.069167814,0,0,0,0,0,0,1,0,0,0,0,0,0,0,0,0,0,0
5,Action Replayy,2010,4.2,0.03721281,0,0,0,0,0,0,0,0,0,0,0,0,0,0,0,0,0,0
6,Ada... A Way of Life,2010,3.4,0.000172954,0,0,0,0,0,0,1,0,0,0,0,0,0,0,0,0,0,0
7,Allah Ke Banday,2010,6.2,0.001860986,0,0,0,0,0,0,1,0,0,0,0,0,0,0,0,0,0,0
8,Anjaana Anjaani,2010,5.8,0.041522826,0,0,0,0,0,0,0,0,0,0,0,1,0,0,0,0,0,0
9,Atithi Tum Kab Jaoge?,2010,6.4,0.034244917,0,0,0,0,1,0,0,0,0,0,0,0,0,0,0,0,0,0
10,Badmaa$h Company,2010,6,0.041730371,0,0,0,0,0,0,1,0,0,0,0,0,0,0,0,0,0,0
11,Chase,2015,4.9,0.000463517,0,0,0,0,0,0,1,0,0,0,0,0,0,0,0,0,0,0
12,Crook: It's Good to Be Bad,2010,5.1,0.012342006,0,0,0,0,0,0,0,0,0,0,0,0,0,0,0,0,1,0
13,Dabangg,2010,6.2,0.186140148,0,0,0,0,1,0,0,0,0,0,0,0,0,0,0,0,0,0
14,Enthiran,2010,7.1,0.167931538,0,0,0,0,0,0,0,0,0,0,0,0,0,0,0,0,0,0
15,Golmaal 3,2010,5.5,0.048946018,0,0,0,0,1,0,0,0,0,0,0,0,0,0,0,0,0,0
16,Guzaarish,2010,7.4,0.115491847,0,0,0,0,0,0,1,0,0,0,0,0,0,0,0,0,0,0
17,Housefull,2010,5.4,0.084491549,0,0,0,0,1,0,0,0,0,0,0,0,0,0,0,0,0,0
18,Hum Tum Aur Ghost,2010,4.7,0.004303099,0,0,0,0,0,0,0,0,1,0,0,0,0,0,0,0,0,0
19,I Am,2015,6.9,0.005755913,0,0,0,0,0,0,1,0,0,0,0,0,0,0,0,0,0,0
20,Isi Life Mein...!,2010,5.7,0.002345258,0,0,0,0,0,0,0,0,0,0,0,0,0,1,0,0,0,0
21,Ishqiya,2010,7.3,0.067023183,0,0,0,0,0,0,0,0,0,0,0,0,0,1,0,0,0,0
22,Jhootha Hi Sahi,2010,6.1,0.012162134,0,0,0,0,0,0,0,0,0,0,0,0,0,1,0,0,0,0
23,Kajraare,2010,2.8,0.002532048,0,0,0,0,0,0,0,0,0,0,0,0,0,1,0,0,0,0
24,Karthik Calling Karthik,2010,7,0.069804285,0,0,0,0,0,0,0,0,0,0,0,0,0,0,0,0,1,0
25,Khelein Hum Jee Jaan Sey,2010,5.9,0.008108089,0,0,0,0,0,0,0,0,0,1,0,0,0,0,0,0,0,0
26,Kites,2015,6.1,0.083073326,0,0,0,0,0,0,0,0,0,0,0,0,0,1,0,0,0,0
27,Knock Out,2010,6,0.01349734,0,0,0,0,0,0,1,0,0,0,0,0,0,0,0,0,0,0
28,Lafangey Parindey,2010,5.2,0.013386649,0,0,0,0,0,0,0,0,0,0,0,0,0,1,0,0,0,0
29,LSD: Love,2015,7.1,0.035144278,0,0,0,0,0,0,1,0,0,0,0,0,0,0,0,0,0,0
30,Mr. Singh/Mrs. Mehta,2010,4.2,0.001079234,0,0,0,0,0,0,1,0,0,0,0,0,0,0,0,0,0,0
31,Dhobi Ghat,2010,7,0.083889669,0,0,0,0,0,0,1,0,0,0,0,0,0,0,0,0,0,0
32,Nakshatra,2010,5.3,0.000235218,0,0,0,0,0,0,0,0,0,0,0,0,1,0,0,0,0,0
33,Once Upon a Time in Mumbaai,2010,7.4,0.110130269,0,0,0,0,0,0,1,0,0,0,0,0,0,0,0,0,0,0
34,Peepli [Live],2010,7.4,0.079441289,0,0,0,0,0,0,1,0,0,0,0,0,0,0,0,0,0,0
35,Phas Gaye Re Obama,2010,7.5,0.033615364,0,0,0,0,0,0,1,0,0,0,0,0,0,0,0,0,0,0
36,Prince,2010,4.2,0.012577224,0,0,0,0,0,0,0,0,0,0,0,0,0,0,0,0,1,0
37,Pyaar Impossible!,2010,4.6,0.01994507,0,0,0,0,0,0,0,0,0,0,0,0,0,1,0,0,0,0
38,Rakhta Charitra,2010,7.6,0.025583374,0,0,0,0,0,1,0,0,0,0,0,0,0,0,0,0,0,0
39,Rakhta Charitra 2,2010,6.4,0.016036307,0,0,0,0,0,1,0,0,0,0,0,0,0,0,0,0,0,0
40,Rann,2010,6.9,0.015863352,0,0,0,0,0,0,0,0,0,0,0,0,0,0,0,0,1,0
41,Teen Patti,2010,4.1,0.009450213,0,0,0,0,0,0,0,0,0,0,0,0,0,0,0,0,1,0
42,Toonpur Ka Superrhero,2010,4.2,0.004517562,0,1,0,0,0,0,0,0,0,0,0,0,0,0,0,0,0,0
43,Veer,2010,4.6,0.048496337,0,0,0,0,0,0,1,0,0,0,0,0,0,0,0,0,0,0
44,Aarakshan,2011,6.2,0.033359392,0,0,0,0,0,0,1,0,0,0,0,0,0,0,0,0,0,0
45,Ready,2011,4.7,0.100078175,0,0,0,0,1,0,0,0,0,0,0,0,0,0,0,0,0,0
46,Chalo Dilli,2011,6.8,0.019958906,0,0,0,0,0,0,1,0,0,0,0,0,0,0,0,0,0,0
47,Aadukalam,2011,8.1,0.030799671,0,0,0,0,0,0,0,0,0,0,0,0,0,0,0,1,0,0
48,Aagaah: The Warning,2011,3.8,0,0,0,0,0,0,0,0,0,0,0,0,0,0,0,0,0,1,0
49,Angel,2015,6.5,0.000428926,0,0,0,0,0,0,1,0,0,0,0,0,0,0,0,0,0,0
50,Bbuddah... Hoga Terra Baap,2011,5.6,0.018346974,0,0,0,0,0,0,0,0,0,0,0,0,0,0,0,0,1,0
51,Bin Bulaye Baraati,2011,3.9,0.001494324,0,0,0,0,0,1,0,0,0,0,0,0,0,0,0,0,0,0
52,Bodyguard,2011,4.6,0.148021059,0,0,0,0,0,0,1,0,0,0,0,0,0,0,0,0,0,0
53,Bubble Gum,2015,7.3,0.002884875,0,0,0,0,0,0,1,0,0,0,0,0,0,0,0,0,0,0
54,Chala Mussaddi - Office Office,2011,6.1,0.002103122,0,0,0,0,0,0,1,0,0,0,0,0,0,0,0,0,0,0
55,Chatur Singh Two Star,2011,1.7,0.003749645,0,0,0,0,1,0,0,0,0,0,0,0,0,0,0,0,0,0
56,Chillar Party,2011,7.4,0.046676859,0,0,0,0,0,0,0,1,0,0,0,0,0,0,0,0,0,0
57,Damadamm!,2011,4,0.002587394,0,0,0,0,0,0,0,0,0,0,0,0,0,1,0,0,0,0
58,Delhi Belly,2011,7.6,0.183234519,0,0,0,0,0,1,0,0,0,0,0,0,0,0,0,0,0,0
59,Desi Boyz,2011,5.7,0.086684608,0,0,0,0,0,0,1,0,0,0,0,0,0,0,0,0,0,0
60,Don 2,2011,7.1,0.333919071,0,0,0,0,0,0,0,0,0,0,0,0,0,0,0,0,1,0
61,Double Dhamaal,2011,3.8,0.022691581,0,0,0,0,0,0,1,0,0,0,0,0,0,0,0,0,0,0
62,Dum Maaro Dum,2011,6.2,0.025853183,0,0,0,0,0,0,1,0,0,0,0,0,0,0,0,0,0,0
63,F.A.L.T.U,2011,4.6,0.019516144,0,0,0,0,0,0,1,0,0,0,0,0,0,0,0,0,0,0
64,Force,2011,6.4,0.046780632,0,0,0,0,0,0,0,0,0,0,0,0,0,0,0,0,1,0
65,Gattu,2011,7.3,0.002559721,0,0,0,0,0,0,1,0,0,0,0,0,0,0,0,0,0,0
66,Impatient Vivek,2011,2.3,0.000255972,0,0,0,0,0,0,0,0,0,0,0,0,0,1,0,0,0,0
67,Noukadubi,2011,7.6,0.005064097,0,0,0,0,0,0,0,0,0,0,0,0,0,1,0,0,0,0
68,Khap,2011,5.7,0.000532699,0,0,0,0,0,0,0,0,0,0,0,0,0,0,0,0,1,0
69,Kucch Luv Jaisaa,2011,4.3,0.000698735,0,0,0,0,0,0,1,0,0,0,0,0,0,0,0,0,0,0
70,Lanka,2011,5.9,0.001176088,0,0,0,0,0,0,1,0,0,0,0,0,0,0,0,0,0,0
71,Loot,2011,3.3,0.001874823,0,0,0,0,0,1,0,0,0,0,0,0,0,0,0,0,0,0
72,Love U... Mr. Kalakaar!,2011,5.4,0.002698084,0,0,0,0,0,0,0,0,0,0,0,0,0,1,0,0,0,0
73,Luv Ka the End,2011,4.8,0.009242668,0,0,0,0,0,0,1,0,0,0,0,0,0,0,0,0,0,0
74,Mausam,2011,4.7,0.03502667,0,0,0,0,0,0,0,0,0,0,0,0,0,0,0,0,0,1
75,Mere Brother Ki Dulhan,2011,5.8,0.059427038,0,0,0,0,0,0,0,0,0,0,0,0,0,1,0,0,0,0
76,Miley - Naa Miley - Hum,2011,2.8,0.001044643,0,0,0,0,0,0,0,0,0,0,0,0,0,1,0,0,0,0
77,Mod,2011,6.5,0.002608148,0,0,0,0,0,0,0,0,0,0,0,0,0,0,0,0,1,0
78,Monica,2011,5.6,0.00033899,0,0,0,0,0,0,0,0,0,0,0,0,0,0,0,0,1,0
79,Mujhse Fraaandship Karoge,2011,6.9,0.025998464,0,0,0,0,0,0,0,0,0,0,0,0,0,1,0,0,0,0
80,My Friend Pinto,2011,5.3,0.002206895,0,0,0,0,0,0,1,0,0,0,0,0,0,0,0,0,0,0
81,Naughty @ 40,2011,2.5,0.001757214,0,0,0,0,0,0,1,0,0,0,0,0,0,0,0,0,0,0
82,Patiala House,2011,5.6,0.058631449,0,0,0,0,0,0,0,0,0,0,0,0,0,0,0,1,0,0
83,Ra.One,2011,4.6,0.257265803,0,0,0,0,0,0,0,0,0,0,0,0,0,0,0,0,0,0
84,Rascals,2011,2.9,0.017067113,0,0,0,0,0,1,0,0,0,0,0,0,0,0,0,0,0,0
85,Saheb Biwi Aur Gangster,2011,7.2,0.026378963,0,0,0,0,0,0,1,0,0,0,0,0,0,0,0,0,0,0
86,Sahi Dhandhe Galat Bande,2011,4.9,0.00166036,0,0,0,0,0,0,1,0,0,0,0,0,0,0,0,0,0,0
87,Shabri,2011,5.8,0.000733325,0,0,0,0,0,0,1,0,0,0,0,0,0,0,0,0,0,0
88,Shagird,2011,7.1,0.012003016,0,0,0,0,0,0,1,0,0,0,0,0,0,0,0,0,0,0
89,Shor in the City,2010,7.2,0.022795354,0,0,0,0,0,0,1,0,0,0,0,0,0,0,0,0,0,0
90,Singham,2011,6.8,0.09515936,0,0,0,0,0,0,1,0,0,0,0,0,0,0,0,0,0,0
91,Soundtrack,2015,7.1,0.005396169,0,0,0,0,0,0,0,0,0,0,0,1,0,0,0,0,0,0
92,Tanu Weds Manu,2011,6.8,0.087853778,0,0,0,0,0,0,0,0,0,0,0,0,0,1,0,0,0,0
93,Teen Thay Bhai,2011,4.3,0.001992432,0,0,0,0,0,0,1,0,0,0,0,0,0,0,0,0,0,0
94,Tere Mere Phere,2011,5.4,0.001521996,0,0,0,0,0,0,0,0,0,0,0,0,0,1,0,0,0,0
95,That Girl in Yellow Boots,2010,6.6,0.023473334,0,0,0,0,0,0,0,0,0,0,0,0,1,0,0,0,0,0
96,Kaavalan,2011,6.7,0.029796537,0,0,0,0,0,0,0,0,0,0,0,0,0,1,0,0,0,0
97,The Dirty Picture,2011,6.6,0.058112586,0,0,0,0,0,0,1,0,0,0,0,0,0,0,0,0,0,0
98,United Six,2011,4,0.0001522,0,0,0,0,0,0,0,0,0,0,0,0,0,0,0,0,1,0
99,Zindagi Na Milegi Dobara,2011,8.1,0.446671325,0,0,0,0,0,0,1,0,0,0,0,0,0,0,0,0,0,0
100,Zokkomon,2011,4.1,0.001812559,0,1,0,0,0,0,0,0,0,0,0,0,0,0,0,0,0,0
101,Gangs of Wasseypur,2012,8.2,0.529924523,0,0,0,0,0,0,1,0,0,0,0,0,0,0,0,0,0,0
102,Gangs of Wasseypur,2012,8.2,0.529924523,0,0,0,0,0,0,1,0,0,0,0,0,0,0,0,0,0,0
103,Kahaani,2012,8.1,0.385224183,0,0,0,0,0,0,0,0,0,0,0,0,0,0,0,0,1,0
104,Vicky Donor,2012,7.8,0.264917293,0,0,0,0,0,0,0,0,0,0,0,0,0,1,0,0,0,0
105,Ekk Deewana Tha,2012,5.9,0.019419289,0,0,0,0,0,0,0,0,0,0,0,0,0,1,0,0,0,0
106,OMG: Oh My God!,2012,8.1,0.338547324,0,0,0,0,0,0,0,0,1,0,0,0,0,0,0,0,0,0
107,English Vinglish,2012,7.8,0.223941002,0,0,0,0,0,0,0,1,0,0,0,0,0,0,0,0,0,0
108,3 Bachelors,2012,3.4,0.000968543,0,0,0,0,0,0,0,0,0,0,0,0,0,1,0,0,0,0
109,Agent Vinod,2012,5.2,0.047756093,0,0,0,0,0,0,0,0,0,0,0,0,0,0,0,0,1,0
110,Aiyyaa,2012,4.4,0.011221264,0,0,0,0,0,0,0,0,0,0,0,0,0,1,0,0,0,0
111,Agneepath,2012,6.9,0.149778273,0,0,0,0,0,0,1,0,0,0,0,0,0,0,0,0,0,0
112,Barfi!,2012,8.1,0.506520371,0,0,0,0,0,0,0,0,0,0,0,0,0,1,0,0,0,0
113,Bhoot Returns,2012,2.5,0.003306883,0,0,0,0,0,0,0,0,0,0,0,0,0,0,0,0,1,0
114,Bittoo Boss,2012,4.1,0.00226224,0,0,0,0,0,0,0,0,0,0,0,0,0,1,0,0,0,0
115,Bol Bachchan,2012,5.5,0.054245332,0,0,0,0,1,0,0,0,0,0,0,0,0,0,0,0,0,0
116,Blood Money,2015,5,0.006143331,0,0,0,0,0,0,0,0,0,0,0,0,0,0,0,0,1,0
117,Bumboo,2012,6.4,0.009470968,0,0,0,0,1,0,0,0,0,0,0,0,0,0,0,0,0,0
118,Chakravyuh,2012,6.9,0.020297896,0,0,0,0,0,0,0,0,0,0,0,0,0,0,0,0,1,0
119,Chaalis Chauraasi,2012,6.1,0.00301632,0,0,0,0,0,1,0,0,0,0,0,0,0,0,0,0,0,0
120,Chaar Din Ki Chandni,2012,4.1,0.002511294,0,0,0,0,0,0,0,0,0,0,0,0,0,1,0,0,0,0
121,Cocktail,2012,6.3,0.089811618,0,0,0,0,0,0,0,0,0,0,0,0,0,1,0,0,0,0
122,Dabangg 2,2012,4.8,0.103018395,0,0,0,0,1,0,0,0,0,0,0,0,0,0,0,0,0,0
123,Department,2012,3.2,0.006254021,0,0,0,0,0,0,0,0,0,0,0,0,0,0,0,0,1,0
124,Ek Tha Tiger,2012,5.5,0.192795423,0,0,0,0,0,0,0,0,0,0,0,0,0,0,0,0,1,0
125,Fatso!,2012,5.7,0.002608148,0,0,0,0,0,0,0,0,0,0,0,0,0,1,0,0,0,0
126,Ferrari Ki Sawaari,2012,6.4,0.033615364,0,0,0,0,0,0,0,1,0,0,0,0,0,0,0,0,0,0
127,Filmistaan,2012,7.3,0.022248819,0,0,0,0,1,0,0,0,0,0,0,0,0,0,0,0,0,0
128,Gali Gali Chor Hai,2012,5.1,0.0036943,0,0,0,0,0,0,0,1,0,0,0,0,0,0,0,0,0,0
129,Housefull 2,2012,5.2,0.08788145,0,0,0,0,0,0,0,0,0,0,0,1,0,0,0,0,0,0
130,Ishaqzaade,2012,6.5,0.045210208,0,0,0,0,0,0,0,0,0,0,0,0,0,1,0,0,0,0
131,Jalpari: The Desert Mermaid,2012,7.2,0.002310667,0,0,0,0,0,0,0,0,0,0,0,0,1,0,0,0,0,0
132,Jism 2,2012,3,0.021819892,0,0,0,0,0,0,0,0,0,0,0,0,0,0,0,0,1,0
133,Jodi Breakers,2012,3.5,0.007340173,0,0,0,0,0,0,0,0,0,0,0,0,0,1,0,0,0,0
134,Joker,2012,2.4,0.033684546,0,0,0,0,0,0,0,0,0,0,0,0,0,0,0,0,0,0
135,Kismet Love Paisa Dilli,2012,4.2,0.003638955,0,0,0,0,0,1,0,0,0,0,0,0,0,0,0,0,0,0
136,Kyaa Super Kool Hain Hum,2012,5,0.024877721,0,0,0,0,1,0,0,0,0,0,0,0,0,0,0,0,0,0
137,Mere Dost Picture Abhi Baaki Hai,2012,3.5,0.001120743,0,0,0,0,1,0,0,0,0,0,0,0,0,0,0,0,0,0
138,Mr Bhatti on Chutti,2012,3.9,0.000428926,0,0,0,0,1,0,0,0,0,0,0,0,0,0,0,0,0,0
139,Players,2012,4.1,0.026344372,0,0,0,0,0,0,0,0,0,0,0,0,0,0,0,0,1,0
140,Paan Singh Tomar,2012,8.2,0.220302047,0,0,0,0,0,1,0,0,0,0,0,0,0,0,0,0,0,0
141,Rowdy Rathore,2012,5.7,0.137477775,1,0,0,0,0,0,0,0,0,0,0,0,0,0,0,0,0,0
142,Rush,2012,3.7,0.005486105,0,0,0,0,0,0,0,0,0,0,0,0,0,0,0,0,1,0
143,Shanghai,2012,7.2,0.065065342,0,0,0,0,0,0,0,0,0,0,0,0,0,0,0,0,1,0
144,Son of Sardaar,2012,4,0.059219493,0,0,0,0,1,0,0,0,0,0,0,0,0,0,0,0,0,0
145,Tere Naal Love Ho Gaya,2012,5.8,0.027098452,0,0,0,0,0,0,0,0,0,0,0,0,0,1,0,0,0,0
146,Teri Meri Kahaani,2012,4.7,0.025790919,0,0,0,0,0,0,0,0,0,0,0,0,0,1,0,0,0,0
147,Tezz,2012,3.9,0.014424374,0,0,0,0,0,0,1,0,0,0,0,0,0,0,0,0,0,0
148,Will You Marry Me,2015,0,0.069818121,0,0,0,0,0,0,1,0,0,0,0,0,0,0,0,0,0,0
149,Fukrey,2013,6.9,0.007437027,0,0,0,0,0,0,0,0,0,0,0,0,0,1,0,0,0,0
150,3G: A Killer Connection,2013,3.6,0.011636354,0,0,0,0,0,0,0,0,0,0,0,0,0,0,0,0,1,0
151,Akaash Vani,2013,6.2,0.010889192,0,0,0,0,0,0,0,0,0,0,0,0,0,1,0,0,0,0
152,Ankur Arora Murder Case,2013,6.5,0.004752779,0,0,0,0,0,0,0,0,0,0,0,0,0,0,0,0,1,0
153,Bajatey Raho,2013,5.3,0.035407169,0,0,0,0,0,0,0,0,0,0,0,0,0,0,0,0,1,0
154,Besharam,2013,3.6,0.005147115,0,0,0,0,0,0,0,0,0,0,0,0,0,1,0,0,0,0
155,Gippi,2013,5.6,0.002801857,0,0,0,0,0,0,1,0,0,0,0,0,0,0,0,0,0,0
156,Issaq,2013,4.5,0.004538316,0,0,0,0,0,0,0,0,0,0,0,0,0,1,0,0,0,0
157,Jackpot,2015,1.9,0.005299314,0,0,0,0,0,0,0,0,0,0,0,0,0,0,0,0,1,0
158,John Day,2013,5.7,0.052937799,0,0,0,0,0,0,1,0,0,0,0,0,0,0,0,0,0,0
159,Himmatwala,2013,1.7,0.011850817,0,0,0,0,1,0,0,0,0,0,0,0,0,0,0,0,0,0
160,I,2015,4.6,0.040692647,0,0,0,0,0,0,0,0,0,0,0,1,0,0,0,0,0,0
161,Matru ki Bijlee ka Mandola,2013,5.6,0.02790096,0,0,0,0,0,0,1,0,0,0,0,0,0,0,0,0,0,0
162,Nautanki Saala!,2013,5.8,3.46E-05,0,0,0,0,1,0,0,0,0,0,0,0,0,0,0,0,0,0
163,Paapi - Ek Satya Katha,2013,3.9,0.008910597,0,0,0,0,0,1,0,0,0,0,0,0,0,0,0,0,0,0
164,Policegiri,2013,4.1,0.001605014,0,0,0,0,1,0,0,0,0,0,0,0,0,0,0,0,0,0
165,Rajdhani Express,2013,2.9,0.002670412,0,0,0,0,0,0,0,0,0,0,0,0,0,0,0,0,1,0
166,Rangrezz,2013,5.1,0.01443821,0,0,0,0,0,0,1,0,0,0,0,0,0,0,0,0,0,0
167,Singh Saab the Great,2013,5.7,0.002843366,0,0,0,0,0,0,1,0,0,0,0,0,0,0,0,0,0,0
168,Shorts,2013,6.5,0.338201415,0,0,0,0,0,0,1,0,0,0,0,0,0,0,0,0,0,0
169,Special Chabbis,2013,8,0.00603264,0,0,0,0,0,0,0,0,0,0,0,0,0,0,0,0,1,0
170,War Chod Na Yaar,2013,5.5,0.000961625,0,0,0,0,0,0,0,0,0,0,0,0,0,0,0,0,0,1
171,What the Fish,2013,5.2,0.012245152,0,0,0,0,0,0,1,0,0,0,0,0,0,0,0,0,0,0
172,Kya Dilli Kya Lahore,2014,7.4,0.004690516,0,0,0,0,0,0,0,0,0,0,0,0,0,0,0,0,0,1
173,One by Two,2014,4.1,0.013864003,0,0,0,0,0,0,0,0,0,0,0,0,0,1,0,0,0,0
174,Gulaab Gang,2014,6.1,0.012217479,0,0,0,0,0,0,1,0,0,0,0,0,0,0,0,0,0,0
175,Youngistaan,2014,5.1,0.000975461,0,0,0,0,0,0,1,0,0,0,0,0,0,0,0,0,0,0
176,Sooper Se Ooper,2013,4.4,0.003189274,0,0,0,0,1,0,0,0,0,0,0,0,0,0,0,0,0,0
177,Mr Joe B. Carvalho,2014,3.6,0.019156399,0,0,0,0,0,0,0,0,0,0,0,0,1,0,0,0,0,0
178,Total Siyapaa,2014,5,0.006385466,0,0,0,0,0,0,0,0,0,0,0,0,0,1,0,0,0,0
179,Dishkiyaoon,2014,5.2,0.006489239,0,0,0,0,0,0,0,0,0,0,0,0,0,0,0,0,1,0
180,Fugly,2014,4.7,0.002234567,0,0,0,0,0,0,0,0,0,0,0,0,0,0,0,0,1,0
181,Gang of Ghosts,2014,3.6,0.17516102,0,0,0,0,0,0,0,0,0,0,1,0,0,0,0,0,0,0
182,Highway,2015,7.6,0.003708136,0,0,0,0,0,0,0,0,0,0,0,0,0,1,0,0,0,0
183,Kaanchi,2014,4.3,0.001521996,0,0,0,0,0,0,0,0,0,0,0,0,0,1,0,0,0,0
184,Kuku Mathur Ki Jhand Ho Gayi,2014,5.4,0.000449681,0,0,0,0,0,0,0,0,0,0,0,0,0,1,0,0,0,0
185,Paranthe Wali Gali,2014,5,0.004835797,0,0,0,0,0,0,0,0,0,0,0,0,0,1,0,0,0,0
186,Purani Jeans,2014,6.2,0.04433852,0,0,0,0,0,0,1,0,0,0,0,0,0,0,0,0,0,0
187,Once Upon a Time in Mumbai Dobaara!,2013,4.6,0.001577342,0,0,0,0,0,0,1,0,0,0,0,0,0,0,0,0,0,0
188,Koyelaanchal,2014,5.6,0.013462749,0,0,0,0,0,0,1,0,0,0,0,0,0,0,0,0,0,0
189,Bobby Jasoos,2014,5.5,0.046607678,0,0,0,0,0,0,0,0,0,0,0,0,0,0,0,0,1,0
190,Dedh Ishqiya,2014,7.1,0.228334037,0,0,0,0,0,0,0,0,0,0,0,0,0,1,0,0,0,0
191,Happy New Year,2015,5,0.018727473,0,0,0,0,0,0,0,0,0,0,0,0,0,0,0,0,0,0
192,Miss Lovely,2012,6.3,3.46E-05,0,0,0,0,0,0,0,0,0,0,0,0,0,1,0,0,0,0
193,Paapi - Ek Satya Katha,2013,3.9,0.005686732,0,0,0,0,0,1,0,0,0,0,0,0,0,0,0,0,0,0
194,Sonali Cable,2014,5.5,0.000456599,0,0,0,0,0,0,1,0,0,0,0,0,0,0,0,0,0,0
195,Gollu aur Pappu,2014,4.5,0.049976824,0,0,0,0,1,0,0,0,0,0,0,0,0,0,0,0,0,0
196,Entertainment,2014,4.5,0.030059427,0,0,0,0,1,0,0,0,0,0,0,0,0,0,0,0,0,0
197,City Lights,2014,7.3,0.007630736,0,0,0,0,0,0,0,0,0,0,0,0,0,0,0,0,1,0
198,Samrat & Co.,2014,6.3,0.011034473,0,0,0,0,0,0,0,0,0,0,0,0,0,0,0,0,1,0
199,Sixteen,2015,6.3,0.031588342,0,0,0,0,0,0,0,0,0,0,0,0,0,0,0,0,1,0
200,Ghanchakkar,2013,5.8,0.006724456,0,0,0,0,0,0,0,0,0,0,0,0,0,0,0,0,1,0
201,Shirin Farhad Ki Toh Nikal Padi,2012,0,0.050502605,0,0,0,0,0,0,0,0,0,0,0,0,0,1,0,0,0,0
202,Khoobsurat,2014,0,0.032335503,0,0,0,0,0,0,0,0,0,0,0,0,0,1,0,0,0,0
203,Kochadaiiyaan,2014,6.3,0.00837098,1,0,0,0,0,0,0,0,0,0,0,0,0,0,0,0,0,0
204,Zila Ghaziabad,2013,3.5,0.032819775,0,0,0,0,0,0,0,0,0,0,0,0,0,0,0,0,1,0
205,Satyagraha,2013,5.9,0.020581541,0,0,0,0,0,0,1,0,0,0,0,0,0,0,0,0,0,0
206,Yaariyan,2014,2.7,0.002193058,0,0,0,0,0,0,0,0,0,0,0,0,0,1,0,0,0,0
207,Amit Sahni Ki List,2014,5.5,0.006641438,0,0,0,0,0,0,0,0,0,0,0,0,0,1,0,0,0,0
208,Zid,2014,4.4,0.018831245,0,0,0,0,0,0,0,0,0,0,0,0,0,0,0,0,1,0
209,The Shaukeens,2014,5,0.013566522,0,0,0,0,1,0,0,0,0,0,0,0,0,0,0,0,0,0
210,Hate Story 2,2014,4.4,0.021577757,0,0,0,0,0,0,0,0,0,0,0,0,0,0,0,0,1,0
211,Action Jackson,2015,3.3,0.159878794,0,0,0,0,0,0,0,0,0,0,0,0,0,0,0,0,1,0
212,Kick,2014,5.3,0.022484036,0,0,0,0,1,0,0,0,0,0,0,0,0,0,0,0,0,0
213,Margarita with a Straw,2014,7.2,0.003175438,0,0,0,0,0,0,1,0,0,0,0,0,0,0,0,0,0,0
214,Ekkees Toppon Ki Salaami,2014,6.1,0.11302898,0,0,0,0,1,0,0,0,0,0,0,0,0,0,0,0,0,0
215,Jai Ho,2014,5.1,0.049188153,0,0,0,0,0,0,1,0,0,0,0,0,0,0,0,0,0,0
216,Singham Returns,2014,5.7,0.144513549,0,0,0,0,0,0,1,0,0,0,0,0,0,0,0,0,0,0
217,Badlapur,2015,7.4,0.685486382,0,0,0,0,0,0,1,0,0,0,0,0,0,0,0,0,0,0
218,BÃ£hubali: The Beginning,2015,8.1,0.443696514,0,0,0,0,0,0,1,0,0,0,0,0,0,0,0,0,0,0
219,Drishyam,2015,8.2,0.20995939,0,0,0,0,0,0,0,0,0,0,0,0,1,0,0,0,0,0
220,Bajirao Mastani,2015,7.2,0.354023259,0,0,0,0,0,0,0,0,0,1,0,0,0,0,0,0,0,0
221,Baby,2015,8,0.47722886,0,0,0,0,0,0,0,0,0,0,0,0,0,0,0,0,1,0
222,Bajrangi Bhaijaan,2015,8,0.097601472,0,0,0,0,0,0,1,0,0,0,0,0,0,0,0,0,0,0
223,Dil Dhadakne Do,2015,6.8,0.152061267,0,0,0,0,0,0,0,0,0,0,0,0,0,1,0,0,0,0
224,Gabbar is Back,2015,7.1,0.034888306,1,0,0,0,0,0,0,0,0,0,0,0,0,0,0,0,0,0
225,Hamari Adhuri Kahani,2015,6.7,0.037358091,0,0,0,0,0,0,0,0,0,0,0,0,0,1,0,0,0,0
226,Hunterrr,2015,7,0.0035421,0,0,0,0,0,0,0,0,0,0,0,0,0,1,0,0,0,0
227,I Love NY,2015,3.5,0.004960324,0,0,0,0,0,0,0,0,0,0,0,0,0,1,0,0,0,0
228,Kuch Kuch Locha Hai,2015,2.5,0.00199935,0,0,0,0,0,0,1,0,0,0,0,0,0,0,0,0,0,0
229,Miss Tanakpur Haazir Ho,2015,5.4,0.011850817,0,0,0,0,0,0,0,1,0,0,0,0,0,0,0,0,0,0
230,Mr. X,2015,3.7,0.000352826,0,0,0,0,0,0,0,0,0,0,0,0,0,0,0,0,0,0
231,P Se PM Tak,2015,3.9,0.057088698,0,0,0,0,0,0,1,0,0,0,0,0,0,0,0,0,0,0
232,Phantom,2015,5.9,0.019571489,0,0,0,0,0,0,0,0,0,0,0,0,0,0,0,0,1,0
233,Tevar,2015,4.1,0.036763129,0,0,0,0,0,0,0,0,0,0,0,0,0,1,0,0,0,0
234,Welcome Back,2015,4.2,0.355330792,0,0,0,0,0,1,0,0,0,0,0,0,0,0,0,0,0,0
235,Airlift,2016,8,0.00727791,0,0,0,0,0,0,0,0,0,1,0,0,0,0,0,0,0,0
236,Bangistan,2015,4.6,0.003611282,0,0,0,0,0,0,1,0,0,0,0,0,0,0,0,0,0,0
237,X: Past Is Present,2015,5.4,0.15838447,0,0,0,0,0,0,0,0,0,0,0,0,0,1,0,0,0,0
238,Monsoon Wedding,2001,7.3,0.005569123,0,0,0,0,0,0,0,0,0,0,0,0,0,1,0,0,0,0
239,Guddu Rangeela,2015,5.3,0.036866901,0,0,0,0,0,0,1,0,0,0,0,0,0,0,0,0,0,0
240,Bombay Velvet,2015,5.6,0.001390551,0,0,0,0,0,0,1,0,0,0,0,0,0,0,0,0,0,0
241,Yaara Silly Silly,2015,5.6,0.000359745,0,0,0,0,0,0,0,0,0,0,0,0,0,1,0,0,0,0
242,A New Love Ishtory,2013,6.2,0.015669644,0,0,0,0,0,0,0,0,0,0,0,0,0,1,0,0,0,0
243,Murder 3,2013,4.9,0.017475285,0,0,0,0,0,0,0,0,0,0,0,0,0,0,0,0,1,0
244,Mickey Virus,2013,6.1,0.006350875,0,0,0,0,0,0,0,0,0,0,0,0,0,0,0,0,1,0
245,Saare Jahaan Se Mehnga...,2013,7.1,0.025313566,0,0,0,0,0,0,1,0,0,0,0,0,0,0,0,0,0,0
246,Saheb Biwi Aur Gangster Returns,2013,6.8,0.005970376,0,0,0,0,0,0,1,0,0,0,0,0,0,0,0,0,0,0
247,Bhaag Johnny,2015,5.1,0.032805939,0,0,0,0,0,0,0,0,0,0,0,0,0,0,0,0,1,0
248,Ko,2011,7.8,0.1160453,0,0,0,0,0,0,0,0,0,0,0,0,0,0,0,0,1,0
249,Wazir,2015,7.1,0.050239714,0,0,0,0,0,0,1,0,0,0,0,0,0,0,0,0,0,0
250,Singh Is Bliing,2015,5.1,0.053456661,0,0,0,0,1,0,0,0,0,0,0,0,0,0,0,0,0,0
251,Housefull 3,2016,5,0.017987229,0,0,0,0,1,0,0,0,0,0,0,0,0,0,0,0,0,0
252,Ragini MMS 2,2014,3.9,0.075698562,0,0,0,0,0,0,0,0,0,0,1,0,0,0,0,0,0,0
253,Saala Khadoos,2016,7.6,0.153804645,0,0,0,0,0,0,0,0,0,0,0,0,0,0,0,1,0,0
254,Tamasha,2015,7.3,0.248500488,0,0,0,0,0,0,0,0,0,0,0,0,0,1,0,0,0,0
255,Sultan,2016,7,0.028786485,0,0,0,0,0,0,0,0,0,0,0,0,0,0,0,1,0,0
256,Fitoor,2016,5.4,0.093720382,0,0,0,0,0,0,0,0,0,0,0,0,0,1,0,0,0,0
257,Pyaar Ka Punchnama 2,2015,7.3,0.132662733,0,0,0,0,0,0,0,0,0,0,0,0,0,1,0,0,0,0
258,Pyaar Ka Punchnama,2011,7.7,0.284225892,0,0,0,0,0,0,0,0,0,0,0,0,0,1,0,0,0,0
259,Fan,2015,7,0.020934367,0,0,0,0,0,0,0,0,0,0,0,0,0,0,0,0,1,0
260,Maari,2015,6.2,0.043729721,0,0,0,0,0,0,1,0,0,0,0,0,0,0,0,0,0,0
261,Dishoom,2016,5.1,0.002746512,0,0,0,0,1,0,0,0,0,0,0,0,0,0,0,0,0,0
262,Pappu Can't Dance Saala,2010,6.5,0.17851633,0,0,0,0,0,0,0,0,0,0,0,0,0,1,0,0,0,0
263,Aashiqui 2,2013,7,0.210388317,0,0,0,0,0,0,0,0,0,0,0,1,0,0,0,0,0,0
264,Dilwale,2015,5.2,0.027866369,0,0,0,0,0,0,1,0,0,0,0,0,0,0,0,0,0,0
265,Sarbjit,2016,7.3,0.154109044,0,0,0,0,0,0,1,0,0,0,0,0,0,0,0,0,0,0
266,Rustom,2016,7.1,0.00132137,0,0,0,0,0,0,0,0,0,0,0,0,0,0,0,0,1,0
267,Zindagi 50 50,2013,2.7,0.016527496,0,0,0,0,0,0,1,0,0,0,0,0,0,0,0,0,0,0
268,Inkaar,2013,6.1,0.001674196,0,0,0,0,0,0,0,0,0,0,0,0,0,0,0,0,1,0
269,Sharafat Gayi Tel Lene,2015,5.1,0.022490954,0,0,0,0,0,0,0,0,0,0,0,0,1,0,0,0,0,0
270,Ramaiya Vastavaiya,2013,5.6,0.008121926,0,0,0,0,0,0,0,0,0,0,0,0,0,1,0,0,0,0
271,Jayantabhai Ki Luv Story,2013,5.3,0.066276021,0,0,0,0,0,0,0,0,0,0,0,0,0,1,0,0,0,0
272,Mary Kom,2014,6.8,0.000588044,0,0,0,0,0,0,1,0,0,0,0,0,0,0,0,0,0,0
273,Will You Marry Me,2012,4.6,0.01542059,0,0,0,0,1,0,0,0,0,0,0,0,0,0,0,0,0,0
274,Zanjeer,2013,3.2,0.254574637,0,0,0,0,0,0,1,0,0,0,0,0,0,0,0,0,0,0
275,Pink,2015,8.1,0.026226764,0,0,0,0,0,0,0,0,0,0,0,0,0,0,0,0,1,0
276,Ek Thi Daayan,2013,5.7,0.102236643,0,0,0,0,0,0,0,0,0,0,0,0,0,0,0,0,1,0
277,Race 2,2013,5.3,0.01700485,0,0,0,0,0,0,0,0,0,0,0,0,0,0,0,0,1,0
278,David,2015,6.2,0.113630861,0,0,0,0,0,0,1,0,0,0,0,0,0,0,0,0,0,0
279,Jolly LLB,2013,7.5,0.075456426,0,0,0,0,0,0,1,0,0,0,0,0,0,0,0,0,0,0
280,Go Goa Gone,2013,6.6,0.026302863,0,0,0,0,1,0,0,0,0,0,0,0,0,0,0,0,0,0
281,Aurangzeb,2013,6.5,0.254906709,0,0,0,0,0,0,0,0,0,0,0,0,0,0,0,0,1,0
282,Yeh Jawaani Hai Deewani,2013,7.1,0.09885366,0,0,0,0,0,0,0,0,0,0,0,0,0,1,0,0,0,0
283,Lootera,2015,7.3,0.406393768,0,0,0,0,0,0,0,0,0,0,0,0,0,1,0,0,0,0
284,Bhaag Milkha Bhaag,2013,8.2,0.327526687,0,0,0,0,0,0,0,0,0,0,0,0,0,0,0,1,0,0
285,Chennai Express,2013,6,0.038679461,0,0,0,0,1,0,0,0,0,0,0,0,0,0,0,0,0,0
286,Grand Masti,2013,4.3,0.332742983,0,0,0,0,0,0,0,0,0,0,0,0,0,1,0,0,0,0
287,The Lunchbox,2013,7.8,0.099725349,0,0,0,0,0,0,0,0,0,0,0,0,0,1,0,0,0,0
288,Shahid,2012,8.2,0.138377137,0,0,0,0,0,0,1,0,0,0,0,0,0,0,0,0,0,0
289,Krrish 3,2013,5.2,0.006191758,0,0,0,0,0,0,0,0,0,0,0,0,0,0,0,0,0,0
290,Satya 2,2013,6,0.124402443,0,0,0,0,0,0,1,0,0,0,0,0,0,0,0,0,0,0
291,Goliyon Ki Rasleela Ram-Leela,2013,6.4,0.023334971,0,0,0,0,0,0,0,0,0,0,0,0,0,1,0,0,0,0
292,Gori Tere Pyaar Mein!,2013,5,0.024905394,0,0,0,0,0,0,0,0,0,0,0,0,0,1,0,0,0,0
293,Bullett Raja,2013,5,0.291157893,0,0,0,0,0,0,1,0,0,0,0,0,0,0,0,0,0,0
294,Dhoom:3,2013,5.4,0.076051388,0,0,0,0,0,0,0,0,0,0,0,0,0,0,0,0,1,0
295,R... Rajkumar,2013,5.2,0.153396473,0,0,0,0,0,0,0,0,0,0,0,0,0,1,0,0,0,0
296,Sadda Adda,2012,7.1,0.264239313,0,0,0,0,0,0,0,0,0,0,0,0,0,1,0,0,0,0
297,ABCD (Any Body Can Dance),2013,6.3,0.077960802,0,0,0,0,0,0,0,0,0,0,0,0,0,0,0,0,0,0
298,Detective Byomkesh Bakshy!,2015,7.6,0.026953171,0,0,0,0,0,0,0,0,0,0,0,0,0,0,0,0,1,0
299,Ki & Ka,2016,5.8,0.051242848,0,0,0,0,0,0,0,0,0,0,0,0,0,1,0,0,0,0
300,Kyaa Kool Hain Hum 3,2016,1.9,0.039177569,0,0,0,0,1,0,0,0,0,0,0,0,0,0,0,0,0,0
301,Te3n,2016,0,0.003791154,0,0,0,0,0,0,0,0,0,0,0,0,0,0,0,0,1,0
302,Madras Cafe,2013,0,0.034576989,0,0,0,0,0,0,0,0,0,0,0,0,0,0,0,0,1,0
303,Talaash,2012,7.2,0.003140847,0,0,0,0,0,0,0,0,0,0,0,0,1,0,0,0,0,0
304,Brothers,2015,6.5,0.022089701,0,0,0,0,0,0,0,0,0,0,0,0,0,0,0,1,0,0
305,Heroine,2012,5.1,0.014687264,0,0,0,0,0,0,1,0,0,0,0,0,0,0,0,0,0,0
306,Humshakals,2014,1.7,0.032287076,0,0,0,0,1,0,0,0,0,0,0,0,0,0,0,0,0,0
307,Vedalam,2015,6.2,0.027928632,0,0,0,0,0,0,1,0,0,0,0,0,0,0,0,0,0,0
308,Guddu Ki Gun,2015,4.7,0.023590943,0,0,0,0,1,0,0,0,0,0,0,0,0,0,0,0,0,0
309,Jannat 2,2012,6.1,0.033179519,0,0,0,0,0,0,0,0,0,0,0,0,0,0,0,0,1,0
310,Gour Hari Dastaan: The Freedom File,2015,7.5,0.034867552,0,0,0,0,0,0,1,0,0,0,0,0,0,0,0,0,0,0
311,Jazbaa,2015,5.8,0.03313801,0,0,0,0,0,0,1,0,0,0,0,0,0,0,0,0,0,0
312,Hero,2015,3.6,0.077040686,0,0,0,0,0,0,0,0,0,0,0,1,0,0,0,0,0,0
313,Shaandaar,2015,3.6,0.002442112,0,0,0,0,0,0,0,0,0,0,0,0,0,1,0,0,0,0
314,Titli,2014,7.6,0.004060963,0,0,0,0,0,0,0,0,0,0,0,0,0,0,0,0,1,0
315,Ungli,2014,5.7,1,0,0,0,0,0,0,0,0,0,0,0,0,0,0,0,0,1,0
316,Ghayal Once Again,2016,6.3,0.046517742,0,0,0,0,0,0,0,0,0,0,0,0,0,0,0,0,1,0
317,Azhar,2016,5.8,0.269088947,0,0,0,0,0,0,0,0,0,0,0,0,0,0,0,1,0,0
318,Lingaa,2014,5.6,0.065501186,0,0,0,0,0,0,1,0,0,0,0,0,0,0,0,0,0,0
319,Kabali,2016,6.2,0.009872221,0,0,0,0,0,0,1,0,0,0,0,0,0,0,0,0,0,0
320,Zed Plus,2014,6.4,0.041695781,0,0,0,0,1,0,0,0,0,0,0,0,0,0,0,0,0,0
321,Fever,2015,4.8,0.395822812,0,0,0,0,0,0,0,0,0,0,0,0,1,0,0,0,0,0
322,Dangal,2016,8.4,0.007056528,0,0,0,0,0,0,1,0,0,0,0,0,0,0,0,0,0,0
323,Befikre,2016,3.9,0.494185282,0,0,0,0,0,0,0,0,0,0,0,0,0,1,0,0,0,0
324,Raees,2017,6.8,0.004344608,0,0,0,0,0,0,1,0,0,0,0,0,0,0,0,0,0,0
325,Badrinath Ki Dulhania,2017,6.2,0.003064747,0,0,0,0,0,0,0,0,0,0,0,0,0,1,0,0,0,0
326,All Is Well,2015,3.8,0.005493023,0,0,0,0,0,0,0,0,0,0,0,0,0,1,0,0,0,0
327,Khiladi 786,2012,4.2,0.016472151,0,0,0,0,1,0,0,0,0,0,0,0,0,0,0,0,0,0
328,Gunday,2014,2.4,0.001473569,0,0,0,0,0,0,0,0,0,0,0,0,0,1,0,0,0,0
329,One Night Stand,2015,3.1,0.018263956,0,0,0,0,0,0,0,0,0,0,0,0,0,1,0,0,0,0
330,Baahubali 2: The Conclusion,2017,8.2,0.09063488,0,0,0,0,0,0,1,0,0,0,0,0,0,0,0,0,0,0
331,Veerappan,2016,5.3,0.103931593,0,0,0,0,0,1,0,0,0,0,0,0,0,0,0,0,0,0
332,The Legend of Michael Mishra,2016,4.5,0.002566639,0,0,0,0,0,0,1,0,0,0,0,0,0,0,0,0,0,0
333,Teraa Surroor,2016,2.6,0.000816343,0,0,0,0,0,0,0,0,0,0,0,0,0,1,0,0,0,0
334,Traffic,2015,6.7,0.08324628,0,0,0,0,0,0,0,0,0,0,0,0,0,0,0,0,1,0
335,Shorgul,2016,5.8,0.010474102,0,0,0,0,0,0,1,0,0,0,0,0,0,0,0,0,0,0
336,Commando 2,2017,5.2,0.029436792,0,0,0,0,0,0,0,0,0,0,0,0,0,0,0,0,1,0
337,Hasee Toh Phasee,2014,6.8,0.025265139,0,0,0,0,0,0,0,0,0,0,0,0,0,1,0,0,0,0
338,Bangalore Days,2014,8.3,0.151985167,0,0,0,0,0,0,0,0,0,0,0,0,0,1,0,0,0,0
339,Moh Maya Money,2016,5.7,0.024289677,0,0,0,0,0,0,0,0,0,0,0,0,0,0,0,0,1,0
340,Shor Se Shuruaat,2016,6.7,0.001362879,0,0,0,0,0,0,1,0,0,0,0,0,0,0,0,0,0,0
341,Raman Raghav 2.0,2016,7.4,0.00124527,0,0,0,0,0,0,0,0,0,0,0,0,0,0,0,0,1,0
342,Guest iin London,2017,5.4,0.124333262,0,0,0,0,1,0,0,0,0,0,0,0,0,0,0,0,0,0
343,Commando,2013,6.1,0.016811141,0,0,0,0,0,0,0,0,0,0,0,0,0,0,0,0,1,0
344,Akira,2015,5.9,0.025597211,0,0,0,0,0,0,0,0,0,0,0,0,0,0,0,0,1,0
345,Masaan,2015,8.1,0.0261645,0,0,0,0,0,0,1,0,0,0,0,0,0,0,0,0,0,0
346,OK Jaanu,2017,5.2,0.025514193,0,0,0,0,0,0,0,0,0,0,0,0,0,1,0,0,0,0
347,31st October,2015,5.9,0.001791805,0,0,0,0,0,0,0,0,0,1,0,0,0,0,0,0,0,0
348,Sameer,2017,5.7,0.041592008,0,0,0,0,0,0,1,0,0,0,0,0,0,0,0,0,0,0
349,Jab Harry Met Sejal,2017,5.3,0.115388074,0,0,0,0,0,0,0,0,0,0,0,0,0,1,0,0,0,0
350,Lucknow Central,2017,6.2,0.119103129,0,0,0,0,0,0,0,0,0,0,0,0,0,0,0,0,0,0
351,Shaadi Ke Side Effects,2014,5.6,0.034203408,0,0,0,0,0,0,0,0,0,0,0,0,0,1,0,0,0,0
352,Raja Natwarlal,2014,6.1,0.016243851,0,0,0,0,0,0,0,0,0,0,0,0,0,0,0,0,1,0
353,Bewakoofiyaan,2014,5.5,0.22259196,0,0,0,0,0,0,0,0,0,0,0,0,0,1,0,0,0,0
354,Dekh Tamasha Dekh,2014,6.1,0.177852186,0,0,0,0,1,0,0,0,0,0,0,0,0,0,0,0,0,0
355,Finding Fanny,2014,5.8,0.138972099,0,0,0,0,0,0,1,0,0,0,0,0,0,0,0,0,0,0
356,Prem Ratan Dhan Payo,2015,4.5,0.017800439,0,0,0,0,0,0,0,0,0,0,0,1,0,0,0,0,0,0
357,Manjhi: The Mountain Man,2015,8,0.120064754,0,0,0,0,0,0,1,0,0,0,0,0,0,0,0,0,0,0
358,Nil Battey Sannata,2015,8.4,0.05349817,0,0,0,0,0,0,0,1,0,0,0,0,0,0,0,0,0,0
359,Chhello Divas,2015,8.3,0.03204494,0,0,0,0,1,0,0,0,0,0,0,0,0,0,0,0,0,0
360,M.S. Dhoni: The Untold Stor,2016,7.7,0.002511294,0,0,0,0,0,0,0,0,0,0,0,0,0,0,0,1,0,0
361,Udta Punjab,2016,7.8,0.000332072,0,0,0,0,0,0,1,0,0,0,0,0,0,0,0,0,0,0
362,Neerja,2016,7.7,0.058887421,0,0,0,0,0,0,0,0,0,0,0,0,0,0,0,0,1,0
363,Phobia,2015,6.9,0.001307533,0,0,0,0,0,0,0,0,0,0,0,0,0,0,0,0,1,0
364,Bareilly Ki Barfi,2017,7.5,0.117933959,0,0,0,0,0,0,0,0,0,0,0,0,0,1,0,0,0,0
365,Golmaal Again,2017,4.9,0.065279805,0,0,0,0,0,0,0,0,1,0,0,0,0,0,0,0,0,0
366,A Gentleman,2017,6.2,0.004379198,0,0,0,0,1,0,0,0,0,0,0,0,0,0,0,0,0,0
367,Beiimaan Love,2016,2.9,0.00075408,0,0,0,0,0,0,0,0,0,0,0,0,0,0,0,0,1,0
368,Missing on a Weekend,2016,4.4,0.001397469,0,0,0,0,0,0,0,0,0,0,0,0,0,0,0,0,1,0
369,Blackmail,2015,7.1,0.002282994,0,0,0,0,0,0,0,0,0,0,0,0,0,0,0,0,1,0
370,Shab,2017,4.4,0.00720181,0,0,0,0,0,0,0,0,0,0,0,0,0,1,0,0,0,0
371,Toilet - Ek Prem Katha,2017,7.2,0.022712336,0,0,0,0,0,0,1,0,0,0,0,0,0,0,0,0,0,0
372,Shivaay,2016,6.2,0.066608093,0,0,0,0,0,0,1,0,0,0,0,0,0,0,0,0,0,0
373,Saat Uchakkey,2016,5.7,0.006122576,0,0,0,0,1,0,0,0,0,0,0,0,0,0,0,0,0,0
374,Passport,2016,6.1,0.009180405,0,0,0,0,0,0,1,0,0,0,0,0,0,0,0,0,0,0
375,Sweetiee Weds NRI,2017,3.5,0.004559071,0,0,0,0,0,0,0,0,0,0,0,0,0,1,0,0,0,0
376,Maatr,2017,4.5,0.054494386,0,0,0,0,0,0,0,0,0,0,0,0,0,0,0,0,1,0
377,Haseena Parkar,2017,4.2,0.042954887,0,0,0,0,0,0,0,0,0,0,0,0,0,0,0,0,1,0
378,Mubarakan,2017,5.5,0.066435139,0,0,0,0,0,0,0,0,0,0,0,0,0,1,0,0,0,0
379,Hichki,2018,7.5,0.003888009,0,0,0,0,0,0,1,0,0,0,0,0,0,0,0,0,0,0
380,Monsoon Shootout,2013,6.5,0.312521187,0,0,0,0,0,0,1,0,0,0,0,0,0,0,0,0,0,0
381,Indu Sarkar,2017,6,0.009941403,0,0,0,0,0,0,0,0,0,0,0,0,0,0,0,0,1,0
382,Machine,2015,2.7,0.026814808,0,0,0,0,0,0,0,0,0,0,0,0,0,1,0,0,0,0
383,Judwaa 2,2017,3.8,0.011871571,0,0,0,0,1,0,0,0,0,0,0,0,0,0,0,0,0,0
384,Qarib Qarib Singlle,2017,7.1,0.011532581,0,0,0,0,0,0,0,0,0,0,0,0,0,1,0,0,0,0
385,Ittefaq,2017,7.2,0.006772884,0,0,0,0,0,0,0,0,0,0,0,0,0,0,0,0,1,0
386,Coffee with D,2017,4.4,0.091762541,0,0,0,0,1,0,0,0,0,0,0,0,0,0,0,0,0,0
387,Sanju,2018,7.8,0.019329353,0,0,0,0,0,0,1,0,0,0,0,0,0,0,0,0,0,0
388,The Xpose,2014,3.2,0.036541748,0,0,0,0,0,0,0,0,0,0,0,0,0,0,0,0,1,0
389,Yamla Pagla Deewana,2011,5.6,0.026185255,0,0,0,0,0,0,1,0,0,0,0,0,0,0,0,0,0,0
390,Yamla Pagla Deewana 2,2013,3.4,0.137470857,0,0,0,0,1,0,0,0,0,0,0,0,0,0,0,0,0,0
391,Behen Hogi Teri,2017,5.5,0.134669,0,0,0,0,1,0,0,0,0,0,0,0,0,0,0,0,0,0
392,Angrezi Mein Kehte Hain,2018,6.8,0.034743025,0,0,0,0,0,0,1,0,0,0,0,0,0,0,0,0,0,0
393,Mulk,2015,6.8,0.177416342,0,0,0,0,0,0,1,0,0,0,0,0,0,0,0,0,0,0
394,Simran,2017,5.2,0.062879202,0,0,0,0,0,0,0,0,0,0,0,0,0,0,0,0,1,0
395,7 Khoon Maaf,2011,6.1,0.042256152,0,0,0,0,0,0,0,0,0,0,0,0,0,0,0,0,1,0
396,Meri Pyaari Bindu,2017,5.9,0.074425619,0,0,0,0,0,0,0,0,0,0,0,0,0,1,0,0,0,0
397,Parmanu: The Story of Pokhran,2018,7.6,0.024351941,0,0,0,0,0,0,0,0,0,1,0,0,0,0,0,0,0,0
398,Padman,2018,7.9,0.023390316,0,0,0,0,0,0,1,0,0,0,0,0,0,0,0,0,0,0
399,Thank You,2015,4.7,0.039793285,0,0,0,0,1,0,0,0,0,0,0,0,0,0,0,0,0,0
400,Stree,2018,7.6,0.100583201,0,0,0,0,0,0,0,0,0,0,1,0,0,0,0,0,0,0
401,Lust Stories,2018,0,0.160148602,0,0,0,0,0,0,0,0,0,0,0,0,0,1,0,0,0,0
402,Mukkabaaz,2017,0,0.012086034,0,0,0,0,0,0,0,0,0,0,0,0,0,0,0,1,0,0
403,Sairat,2016,8.3,0.002234567,0,0,0,0,0,0,0,0,0,0,0,0,0,1,0,0,0,0
404,Rangoon,2015,5.7,0.000505026,0,0,0,0,0,0,0,0,0,1,0,0,0,0,0,0,0,0
405,Dhanak,2015,8,0.435131826,0,0,0,0,0,0,1,0,0,0,0,0,0,0,0,0,0,0
406,Satyameva Jayate,2018,5.7,0.059717601,0,0,0,0,0,0,0,0,0,0,0,0,0,0,0,0,1,0
407,Raid,2018,7.4,0.012300497,0,0,0,0,0,0,1,0,0,0,0,0,0,0,0,0,0,0
408,Raazi,2018,7.8,0.081309194,0,0,0,0,0,0,0,0,0,0,0,0,0,0,0,0,1,0
409,Sarkar 3,2017,4.9,0.15593544,0,0,0,0,0,0,1,0,0,0,0,0,0,0,0,0,0,0
410,Hope Aur Hum,2018,6.2,0.036057476,0,0,0,0,0,0,0,1,0,0,0,0,0,0,0,0,0,0
411,Chalo Jeete Hain,2018,7.5,0.058486167,0,0,0,1,0,0,0,0,0,0,0,0,0,0,0,0,0,0
412,Andhadhun,2018,8.3,0.013725639,0,0,0,0,0,0,0,0,0,0,0,0,0,0,0,0,1,0
413,Dhadak,2018,4.6,0.000671062,0,0,0,0,0,0,0,0,0,0,0,0,0,1,0,0,0,0
414,Fanney Khan,2018,4.5,0.19416522,0,0,0,0,0,0,0,0,0,0,0,0,0,0,0,0,0,0
415,Karwaan,2018,7.5,0.137546957,0,0,0,0,0,0,1,0,0,0,0,0,0,0,0,0,0,0
416,Tumbbad,2018,8.3,0.040817174,0,0,0,0,0,0,0,0,0,0,1,0,0,0,0,0,0,0
417,Pari,2015,6.6,0.065874767,0,0,0,0,0,0,0,0,0,0,0,0,1,0,0,0,0,0
418,Ladies vs. Ricky Bahl,2011,5.9,0.023314216,0,0,0,0,0,0,0,0,0,0,0,0,0,1,0,0,0,0
419,Chef,2017,5.7,0.134191647,0,0,0,0,0,0,0,1,0,0,0,0,0,0,0,0,0,0
420,Teri Bhabhi Hai Pagle,2018,3.2,0.037980726,0,0,0,0,1,0,0,0,0,0,0,0,0,0,0,0,0,0
421,Gully Boy,2019,8.1,0.168028392,0,0,0,0,0,0,0,0,0,0,0,0,0,0,0,0,0,0
422,Badla,2019,7.9,0.138287201,0,0,0,0,0,0,0,0,0,0,0,0,1,0,0,0,0,0
423,Lipstick Under My Burkha,2016,6.8,0.028433658,0,0,0,0,0,0,1,0,0,0,0,0,0,0,0,0,0,0
424,Trapped,2015,7.5,0.138681536,0,0,0,0,0,0,0,0,0,0,0,0,0,0,0,0,1,0
425,Manto,2018,7.4,0.029796537,0,0,0,0,0,0,1,0,0,0,0,0,0,0,0,0,0,0
426,Arjun Reddy,2017,8.1,0.155617204,0,0,0,0,0,0,0,0,0,0,0,0,0,1,0,0,0,0
427,Mard Ko Dard Nahin Hota,2018,7.3,0.026081482,0,0,0,0,1,0,0,0,0,0,0,0,0,0,0,0,0,0
428,Kabir Singh,2019,7.1,0.036195839,0,0,0,0,0,0,0,0,0,0,0,0,0,1,0,0,0,0
429,Article 15,2019,8.2,0.045473099,0,0,0,0,0,0,0,0,0,0,0,0,1,0,0,0,0,0
430,Baadshaho,2017,4.9,0.047583139,0,0,0,0,0,0,0,0,0,0,0,0,0,0,0,0,1,0
431,2,2018,6.3,0.031532996,0,0,0,0,0,0,0,0,0,0,0,0,0,0,0,0,0,0
432,Baazaar,2018,6.6,0.05651449,0,0,0,0,0,0,0,0,0,0,0,0,0,0,0,0,1,0
433,Zero,2015,5.5,0.036188921,0,0,0,0,0,0,0,0,0,0,0,0,0,1,0,0,0,0
434,Aiyaary,2018,5.3,0.01383633,0,0,0,0,0,0,0,0,0,0,0,0,0,0,0,0,1,0
435,Naam Shabana,2017,6.3,0.018291628,0,0,0,0,0,0,0,0,0,0,0,0,0,0,0,0,1,0
436,Sui Dhaaga: Made in India,2018,6.8,0.052688745,0,0,0,0,0,0,1,0,0,0,0,0,0,0,0,0,0,0
437,Baaghi,2016,5.2,0.004157817,0,0,0,0,0,0,0,0,0,0,0,0,0,0,0,0,1,0
438,Judgementall Hai Kya,2019,6,0.006738293,0,0,0,0,0,0,0,0,0,0,0,0,1,0,0,0,0,0
439,Mom,2015,7.3,0.007063446,0,0,0,0,0,0,0,0,0,0,0,0,0,0,0,0,1,0
440,Daawat-e-Ishq,2014,6.1,0.065840177,0,0,0,0,0,0,0,0,0,0,0,0,0,1,0,0,0,0
441,Mitron,2018,6.9,0.032722921,0,0,0,0,1,0,0,0,0,0,0,0,0,0,0,0,0,0
442,Thackeray,2019,5.2,0.084546895,0,0,0,0,0,0,1,0,0,0,0,0,0,0,0,0,0,0
443,Luka Chuppi,2015,6.3,0.021107321,0,0,0,0,0,0,0,0,0,0,0,0,0,1,0,0,0,0
444,Bhindi Baazaar,2011,6.2,0.086892153,0,0,0,0,0,0,0,0,0,0,0,0,0,0,0,0,1,0
445,Khandaani Shafakhana,2019,4.1,0.003659709,0,0,0,0,0,0,1,0,0,0,0,0,0,0,0,0,0,0
446,Wajah Tum Ho,2016,4.4,0.034037372,0,0,0,0,0,0,0,0,0,0,0,0,0,1,0,0,0,0
447,Section 375,2019,8.1,0.011359627,0,0,0,0,0,0,0,0,0,0,0,0,1,0,0,0,0,0
448,Kahaani 2,2016,6.6,0.033449328,0,0,0,0,0,0,0,0,0,0,0,0,0,0,0,0,1,0
449,Good Newwz,2019,7,0.023210444,0,0,0,0,0,0,1,0,0,0,0,0,0,0,0,0,0,0
450,Made in China,2015,6.2,0.076826223,0,0,0,0,0,0,1,0,0,0,0,0,0,0,0,0,0,0
451,Madaari,2016,7.6,0.019294762,0,0,0,0,0,0,0,0,0,0,0,0,0,0,0,0,1,0
452,Hostel,2011,5.2,0.058838994,0,0,0,0,0,0,1,0,0,0,0,0,0,0,0,0,0,0
453,Pati Patni Aur Woh,2019,5.8,0.005873522,0,0,0,0,0,0,0,0,0,0,0,0,0,1,0,0,0,0
454,The Zoya Factor,2019,4.3,0.042581306,0,0,0,0,0,0,0,0,0,0,0,0,0,1,0,0,0,0
455,Do Dooni Chaar,2010,7.6,0.030516026,0,0,0,0,0,0,1,0,0,0,0,0,0,0,0,0,0,0
456,Miss Khiladi-The Perfect Player,2016,0,0.162514615,0,0,0,0,0,1,0,0,0,0,0,0,0,0,0,0,0,0
457,Haraamkhor,2015,6.4,0.284350419,0,0,0,0,0,0,0,0,0,0,0,0,0,1,0,0,0,0
458,Veere Di Wedding,2018,3.2,0.040422838,0,0,0,0,1,0,0,0,0,0,0,0,0,0,0,0,0,0
459,Kaamyaab,2018,8,0.00301632,0,0,0,0,0,0,1,0,0,0,0,0,0,0,0,0,0,0
460,Batla House,2019,7.2,0.060706898,0,0,0,0,0,0,0,0,0,0,0,0,0,0,0,0,1,0
461,Garbage,2015,3.4,0.008550852,0,0,0,0,0,0,0,0,0,0,0,0,0,0,0,0,1,0
462,102 Not Out,2018,7.4,0.061820723,0,0,0,0,0,0,1,0,0,0,0,0,0,0,0,0,0,0
463,Fukrey Returns,2017,6.5,0.000733325,0,0,0,0,1,0,0,0,0,0,0,0,0,0,0,0,0,0
464,Kaabil,2017,7.1,0.031532996,0,0,0,0,0,0,0,0,0,0,0,0,0,0,0,0,1,0
465,Udaan,2010,8.2,0.022387182,0,0,0,0,0,0,1,0,0,0,0,0,0,0,0,0,0,0
466,Bhavesh Joshi Superhero,2018,7.6,0.068095498,0,0,0,0,0,0,1,0,0,0,0,0,0,0,0,0,0,0
